,pes_id,generation_tw,start_date,end_date
0,10,4.7,2023-12-01T00:00:00Z,2024-12-01T00:00:00Z
1,11,3.9,2023-12-01T00:00:00Z,2024-12-01T00:00:00Z
2,12,0.3,2023-12-01T00:00:00Z,2024-12-01T00:00:00Z
3,13,1.2,2023-12-01T00:00:00Z,2024-12-01T00:00:00Z
4,14,1.8,2023-12-01T00:00:00Z,2024-12-01T00:00:00Z
5,15,0.8,2023-12-01T00:00:00Z,2024-12-01T00:00:00Z
6,16,0.9,2023-12-01T00:00:00Z,2024-12-01T00:00:00Z
7,17,0.5,2023-12-01T00:00:00Z,2024-12-01T00:00:00Z
8,18,0.6,2023-12-01T00:00:00Z,2024-12-01T00:00:00Z
9,19,1.5,2023-12-01T00:00:00Z,2024-12-01T00:00:00Z
10,20,4.8,2023-12-01T00:00:00Z,2024-12-01T00:00:00Z
11,21,1.7,2023-12-01T00:00:00Z,2024-12-01T00:00:00Z
12,22,3.8,2023-12-01T00:00:00Z,2024-12-01T00:00:00Z
13,23,1.3,2023-12-01T00:00:00Z,2024-12-01T00:00:00Z
